{"historico": [0, 40.0, 0.0, 30.11764705882353], "voltaje": 30.11764705882353}